,movie_name,num_ratings,avg_rating
1398,Star Wars (1977),584,4.359589041095891
333,Contact (1997),509,3.8035363457760316
498,Fargo (1996),508,4.155511811023622
1234,Return of the Jedi (1983),507,4.007889546351085
860,Liar Liar (1997),485,3.156701030927835
460,"English Patient, The (1996)",481,3.656964656964657
1284,Scream (1996),478,3.4414225941422596
1523,Toy Story (1995),452,3.8783185840707963
32,Air Force One (1997),431,3.6310904872389793
744,Independence Day (ID4) (1996),429,3.438228438228438
1205,Raiders of the Lost Ark (1981),420,4.252380952380952
612,"Godfather, The (1972)",413,4.283292978208232
1190,Pulp Fiction (1994),394,4.060913705583756
1543,Twelve Monkeys (1995),392,3.798469387755102
1329,"Silence of the Lambs, The (1991)",390,4.28974358974359
780,Jerry Maguire (1996),384,3.7109375
293,Chasing Amy (1997),379,3.8390501319261214
1251,"Rock, The (1996)",378,3.693121693121693
456,"Empire Strikes Back, The (1980)",368,4.206521739130435
1394,Star Trek: First Contact (1996),365,3.66027397260274
1500,Titanic (1997),350,4.2457142857142856
113,Back to the Future (1985),350,3.834285714285714
987,Mission: Impossible (1996),344,3.313953488372093
570,"Fugitive, The (1993)",336,4.044642857142857
747,Indiana Jones and the Last Crusade (1989),331,3.930513595166163
1633,Willy Wonka and the Chocolate Factory (1971),326,3.6319018404907975
1178,"Princess Bride, The (1987)",324,4.172839506172839
551,Forrest Gump (1994),321,3.853582554517134
1274,"Saint, The (1997)",316,3.1234177215189876
996,Monty Python and the Holy Grail (1974),316,4.0664556962025316
572,"Full Monty, The (1997)",315,3.926984126984127
964,Men in Black (1997),303,3.745874587458746
1461,"Terminator, The (1984)",301,3.9335548172757475
446,E.T. the Extra-Terrestrial (1982),300,3.8333333333333335
389,Dead Man Walking (1995),299,3.8963210702341136
855,Leaving Las Vegas (1995),298,3.697986577181208
1281,Schindler's List (1993),298,4.466442953020135
225,Braveheart (1995),297,4.151515151515151
829,L.A. Confidential (1997),297,4.161616161616162
332,Conspiracy Theory (1997),295,3.4237288135593222
1460,Terminator 2: Judgment Day (1991),295,4.0067796610169495
178,"Birdcage, The (1996)",293,3.4436860068259385
1547,Twister (1996),293,3.2150170648464163
1005,Mr. Holland's Opus (1995),293,3.7781569965870307
41,Alien (1979),291,4.034364261168385
1615,When Harry Met Sally... (1989),290,3.910344827586207
44,Aliens (1986),284,3.9471830985915495
1317,"Shawshank Redemption, The (1994)",283,4.445229681978798
773,Jaws (1975),280,3.775
643,Groundhog Day (1993),280,3.7642857142857142
88,Apollo 13 (1995),276,3.931159420289855
50,Amadeus (1984),276,4.163043478260869
184,Blade Runner (1982),275,4.138181818181818
1537,"Truth About Cats & Dogs, The (1996)",272,3.485294117647059
1297,Sense and Sensibility (1995),268,4.0111940298507465
1210,Ransom (1996),267,3.644194756554307
1572,"Usual Suspects, The (1995)",267,4.385767790262173
1102,One Flew Over the Cuckoo's Nest (1975),264,4.291666666666667
797,Jurassic Park (1993),261,3.7203065134099615
476,Evita (1996),259,2.9806949806949805
7,2001: A Space Odyssey (1968),259,3.969111969111969
1208,Raising Arizona (1987),256,3.875
373,Dances with Wolves (1990),256,3.79296875
235,Broken Arrow (1996),254,3.031496062992126
390,Dead Poets Society (1989),251,3.9163346613545817
199,"Blues Brothers, The (1980)",251,3.8366533864541834
554,Four Weddings and a Funeral (1994),251,3.6613545816733066
579,"Game, The (1997)",251,3.593625498007968
1524,Trainspotting (1996),250,3.884
528,"Fish Called Wanda, A (1988)",247,3.785425101214575
1644,"Wizard of Oz, The (1939)",246,4.0772357723577235
1397,Star Trek: The Wrath of Khan (1982),244,3.8155737704918034
1146,Phenomenon (1996),244,3.557377049180328
273,Casablanca (1942),243,4.45679012345679
414,Die Hard (1988),243,3.8724279835390947
1407,"Sting, The (1973)",241,4.058091286307054
411,"Devil's Own, The (1997)",240,3.1083333333333334
378,Dante's Peak (1997),240,2.933333333333333
627,"Graduate, The (1967)",239,4.104602510460251
1189,Psycho (1960),239,4.100418410041841
1301,Seven (Se7en) (1995),236,3.847457627118644
1495,"Time to Kill, A (1996)",232,3.685344827586207
762,It's a Wonderful Life (1946),231,4.121212121212121
733,In & Out (1997),230,3.3043478260869565
1373,Speed (1994),230,3.6478260869565218
715,"Hunt for Red October, The (1990)",227,3.8634361233480177
1386,Stand by Me (1986),227,3.881057268722467
623,GoodFellas (1990),226,3.9513274336283186
666,Heat (1995),223,3.569506726457399
1365,"Sound of Music, The (1965)",222,3.765765765765766
317,"Clockwork Orange, A (1971)",221,3.909502262443439
345,Courage Under Fire (1996),221,3.6108597285067874
87,Apocalypse Now (1979),221,4.04524886877828
1516,Top Gun (1986),220,3.481818181818182
867,"Lion King, The (1994)",220,3.7818181818181817
36,Aladdin (1992),219,3.8127853881278537
109,Babe (1995),219,3.9954337899543377
1588,Volcano (1997),219,2.808219178082192
1507,To Kill a Mockingbird (1962),219,4.292237442922374
1020,Murder at 1600 (1997),218,3.0871559633027523
945,Mars Attacks! (1996),217,2.847926267281106
249,Butch Cassidy and the Sundance Kid (1969),216,3.949074074074074
1135,"People vs. Larry Flynt, The (1996)",215,3.5953488372093023
1339,Sleepless in Seattle (1993),213,3.539906103286385
517,Field of Dreams (1989),212,3.69811320754717
1401,Starship Troopers (1997),211,3.2322274881516586
591,Get Shorty (1995),209,3.550239234449761
613,"Godfather: Part II, The (1974)",209,4.186602870813397
1215,Rear Window (1954),209,4.3875598086124405
1533,True Lies (1994),208,3.5625
226,Brazil (1985),208,3.8173076923076925
909,M*A*S*H (1970),206,3.912621359223301
463,Eraser (1996),206,3.150485436893204
1322,"Shining, The (1980)",206,3.825242718446602
142,Beauty and the Beast (1991),202,3.792079207920792
209,"Boot, Das (1981)",201,4.203980099502488
132,Batman (1989),201,3.427860696517413
1657,Young Frankenstein (1974),200,3.945
1391,Star Trek IV: The Voyage Home (1986),199,3.4472361809045227
621,Good Will Hunting (1997),198,4.262626262626263
303,Citizen Kane (1941),198,4.292929292929293
519,"Fifth Element, The (1997)",197,3.4771573604060912
580,Gandhi (1982),195,4.02051282051282
433,Dr. Strangelove or: How I Learned to Stop Worrying and Love the Bomb (1963),194,4.252577319587629
484,Face/Off (1997),194,3.768041237113402
1497,Tin Cup (1996),193,3.160621761658031
1013,Mrs. Doubtfire (1993),192,3.4114583333333335
1481,This Is Spinal Tap (1984),191,3.905759162303665
1270,Sabrina (1995),190,3.5
207,Boogie Nights (1997),189,3.5873015873015874
410,"Devil's Advocate, The (1997)",188,3.515957446808511
883,Lone Star (1996),187,4.053475935828877
884,"Long Kiss Goodnight, The (1996)",185,3.4702702702702704
1556,Ulee's Gold (1997),184,3.760869565217391
976,Mighty Aphrodite (1995),184,3.4184782608695654
1167,"Postino, Il (1994)",183,3.9672131147540983
1565,Unforgiven (1992),182,3.868131868131868
1456,Taxi Driver (1976),182,4.1208791208791204
380,Dave (1993),180,3.65
538,Fly Away Home (1996),180,3.6
1515,Tomorrow Never Dies (1997),180,3.4277777777777776
82,Annie Hall (1977),180,3.911111111111111
1077,North by Northwest (1959),179,4.284916201117318
1580,Vertigo (1958),179,4.251396648044692
312,Clear and Present Danger (1994),179,3.569832402234637
1176,Primal Fear (1996),178,3.601123595505618
947,Mary Poppins (1964),178,3.7247191011235956
455,Emma (1996),177,3.7175141242937855
1467,That Thing You Do! (1996),176,3.465909090909091
1016,Much Ado About Nothing (1993),176,4.0625
339,Cop Land (1997),175,3.3771428571428572
1201,Quiz Show (1994),175,3.645714285714286
577,G.I. Jane (1997),175,3.36
494,Fantasia (1940),174,3.7701149425287355
1266,Rumble in the Bronx (1995),174,3.4482758620689653
997,Monty Python's Life of Brian (1979),174,3.7471264367816093
851,Lawrence of Arabia (1962),173,4.23121387283237
618,Gone with the Wind (1939),172,3.854651162790698
1025,My Best Friend's Wedding (1997),172,3.36046511627907
1350,Snow White and the Seven Dwarfs (1937),172,3.7093023255813953
610,Glory (1989),171,4.076023391812866
262,Cape Fear (1991),171,3.456140350877193
667,Heathers (1989),171,3.690058479532164
1390,Star Trek III: The Search for Spock (1984),171,3.111111111111111
171,Big Night (1996),171,3.9005847953216373
596,Ghost (1990),170,3.4647058823529413
571,Full Metal Jacket (1987),170,3.6823529411764704
631,Grease (1978),170,3.347058823529412
319,Clueless (1995),170,3.458823529411765
1002,Mother (1996),169,3.1301775147928996
739,In the Line of Fire (1993),169,3.7928994082840237
1338,Sleepers (1996),169,3.514792899408284
474,Everyone Says I Love You (1996),168,3.2738095238095237
1149,"Piano, The (1993)",168,3.6011904761904763
415,Die Hard 2 (1990),166,3.355421686746988
232,"Bridge on the River Kwai, The (1957)",165,4.175757575757576
337,Cool Hand Luke (1967),164,3.9939024390243905
55,"American President, The (1995)",164,3.6280487804878048
1173,Pretty Woman (1990),164,3.323170731707317
1085,"Nutty Professor, The (1996)",163,2.914110429447853
179,"Birds, The (1963)",162,3.808641975308642
1295,Secrets & Lies (1996),162,4.265432098765432
820,Kingpin (1996),162,3.1296296296296298
1620,While You Were Sleeping (1995),162,3.549382716049383
587,George of the Jungle (1997),162,2.685185185185185
1393,Star Trek VI: The Undiscovered Country (1991),161,3.279503105590062
527,"First Wives Club, The (1996)",160,3.01875
92,Apt Pupil (1998),160,4.1
642,Grosse Pointe Blank (1997),160,3.675
891,"Lost World: Jurassic Park, The (1997)",158,2.9430379746835444
435,Dragonheart (1996),158,3.0822784810126582
1241,"Right Stuff, The (1983)",157,3.917197452229299
1441,Swingers (1996),157,3.828025477707006
478,Executive Decision (1996),157,3.356687898089172
143,Beavis and Butt-head Do America (1996),156,2.7884615384615383
1302,Seven Years in Tibet (1997),155,3.458064516129032
349,Crimson Tide (1995),154,3.6298701298701297
685,Highlander (1986),153,3.5359477124183005
566,Fried Green Tomatoes (1991),153,3.764705882352941
27,"African Queen, The (1951)",152,4.184210526315789
16,"Abyss, The (1989)",151,3.589403973509934
416,Die Hard: With a Vengeance (1995),151,3.2847682119205297
524,"Firm, The (1993)",151,3.2781456953642385
1226,"Remains of the Day, The (1993)",150,3.94
1349,Sneakers (1992),150,3.513333333333333
1183,"Professional, The (1994)",149,3.704697986577181
653,Happy Gilmore (1996),149,3.389261744966443
644,Grumpier Old Men (1995),148,3.0405405405405403
313,Clerks (1994),148,3.804054054054054
865,Like Water For Chocolate (Como agua para chocolate) (1992),148,3.804054054054054
1231,Reservoir Dogs (1992),148,3.9864864864864864
425,Donnie Brasco (1997),147,3.802721088435374
296,Chinatown (1974),147,4.136054421768708
1244,"River Wild, The (1994)",146,3.143835616438356
1206,"Rainmaker, The (1997)",145,3.6
768,Jackie Chan's First Strike (1996),145,3.2551724137931033
1063,"Nightmare Before Christmas, The (1993)",143,3.5874125874125875
1369,Spawn (1997),143,2.6153846153846154
823,Kiss the Girls (1997),143,3.4615384615384617
134,Batman Returns (1992),142,2.683098591549296
926,"Maltese Falcon, The (1941)",138,4.2101449275362315
1289,Searching for Bobby Fischer (1993),138,3.9057971014492754
327,Con Air (1997),137,3.45985401459854
1333,Singin' in the Rain (1952),137,3.9927007299270074
1589,Wag the Dog (1997),137,3.510948905109489
1147,Philadelphia (1993),137,3.854014598540146
622,"Good, The Bad and The Ugly, The (1966)",137,3.8613138686131387
753,Interview with the Vampire (1994),137,3.1824817518248176
690,Home Alone (1990),137,3.0875912408759123
585,Gattaca (1997),136,3.5955882352941178
1342,Sling Blade (1996),136,4.198529411764706
1132,Patton (1970),136,3.9926470588235294
1133,"Peacemaker, The (1997)",136,3.2720588235294117
355,"Crow, The (1994)",134,3.417910447761194
1257,"Room with a View, A (1986)",134,3.985074626865672
1018,Multiplicity (1996),134,2.8358208955223883
450,Ed Wood (1994),133,3.601503759398496
794,Jungle2Jungle (1997),132,2.4393939393939394
936,"Manchurian Candidate, The (1962)",131,4.259541984732825
616,GoldenEye (1995),131,3.2061068702290076
1037,Mystery Science Theater 3000: The Movie (1996),130,3.4307692307692306
104,Austin Powers: International Man of Mystery (1997),130,3.246153846153846
300,Cinderella (1950),129,3.5813953488372094
950,"Mask, The (1994)",129,3.193798449612403
212,Bound (1996),129,3.8217054263565893
1321,Shine (1996),129,3.9224806201550386
598,"Ghost and the Darkness, The (1996)",128,3.203125
505,Father of the Bride Part II (1995),128,2.8984375
348,Crash (1996),128,2.546875
846,"Last of the Mohicans, The (1992)",128,3.546875
1356,Some Like It Hot (1959),128,3.984375
1043,Natural Born Killers (1994),128,2.953125
954,Maverick (1994),128,3.46875
1399,Stargate (1994),127,3.141732283464567
15,Absolute Power (1997),127,3.37007874015748
1066,Nikita (La Femme Nikita) (1990),127,4.0078740157480315
713,"Hunchback of Notre Dame, The (1996)",127,3.377952755905512
471,Event Horizon (1997),127,2.574803149606299
1157,Platoon (1986),127,3.6929133858267718
770,James and the Giant Peach (1996),126,3.126984126984127
767,Jackie Brown (1997),126,3.642857142857143
321,Cold Comfort Farm (1995),125,3.824
3,12 Angry Men (1957),125,4.344
889,Lost Highway (1997),125,3.136
1027,My Fair Lady (1964),125,3.816
59,Amistad (1997),124,3.8548387096774195
43,Alien: Resurrection (1997),124,3.096774193548387
677,Henry V (1989),124,4.137096774193548
153,Ben-Hur (1959),124,3.8306451612903225
635,"Great Escape, The (1963)",124,4.104838709677419
1559,Under Siege (1992),124,3.2903225806451615
443,Dumbo (1941),123,3.4959349593495936
206,Bonnie and Clyde (1967),122,3.819672131147541
301,Cinema Paradiso (1988),121,4.1735537190082646
815,"Killing Fields, The (1984)",121,4.132231404958677
658,Harold and Maude (1971),121,3.8181818181818183
270,Carrie (1976),121,3.5041322314049586
922,"Magnificent Seven, The (1954)",121,3.9421487603305785
1032,My Left Foot (1989),121,3.8512396694214877
223,Bram Stoker's Dracula (1992),120,3.158333333333333
1048,"Net, The (1995)",120,3.0083333333333333
399,"Deer Hunter, The (1978)",120,3.8333333333333335
971,Michael (1996),119,3.319327731092437
1213,Real Genius (1985),119,3.6638655462184873
362,"Crying Game, The (1992)",119,3.6218487394957983
1652,"Wrong Trousers, The (1993)",118,4.466101694915254
825,Kolya (1996),117,3.9914529914529915
1396,Star Trek: The Motion Picture (1979),117,3.034188034188034
696,Hoop Dreams (1994),117,4.094017094017094
1204,Raging Bull (1980),116,4.120689655172414
1395,Star Trek: Generations (1994),116,3.336206896551724
150,Being There (1979),116,3.9051724137931036
94,Army of Darkness (1993),116,3.4310344827586206
140,Beautiful Girls (1996),115,3.391304347826087
97,Arsenic and Old Lace (1944),115,4.078260869565217
567,"Frighteners, The (1996)",115,3.234782608695652
1613,What's Eating Gilbert Grape (1993),115,3.5391304347826087
1155,Pink Floyd - The Wall (1982),114,3.3508771929824563
133,Batman Forever (1995),114,2.6666666666666665
1261,Rosewood (1997),114,3.6666666666666665
453,"Edge, The (1997)",113,3.5398230088495577
1609,Welcome to the Dollhouse (1995),112,3.7232142857142856
98,As Good As It Gets (1997),112,4.196428571428571
1101,One Fine Day (1996),112,3.232142857142857
318,"Close Shave, A (1995)",112,4.491071428571429
1064,"Nightmare on Elm Street, A (1984)",111,3.171171171171171
24,"Adventures of Priscilla, Queen of the Desert, The (1994)",111,3.5945945945945947
711,"Hudsucker Proxy, The (1994)",110,3.5545454545454547
2,101 Dalmatians (1996),109,2.908256880733945
1513,Tombstone (1993),108,3.6666666666666665
729,"Ice Storm, The (1997)",108,3.611111111111111
328,Conan the Barbarian (1981),107,3.046728971962617
1632,William Shakespeare's Romeo and Juliet (1996),106,3.5943396226415096
255,"Cable Guy, The (1996)",106,2.339622641509434
1096,On Golden Pond (1981),106,3.556603773584906
1285,Scream 2 (1997),106,3.2169811320754715
1008,Mr. Smith Goes to Washington (1939),105,4.123809523809523
347,"Craft, The (1996)",104,3.1153846153846154
1534,True Romance (1993),104,3.6153846153846154
1113,Outbreak (1995),104,3.2403846153846154
1416,Strictly Ballroom (1992),104,4.028846153846154
1148,"Philadelphia Story, The (1940)",104,4.115384615384615
17,Ace Ventura: Pet Detective (1994),103,3.0485436893203883
741,In the Name of the Father (1993),102,3.911764705882353
1603,Waterworld (1995),102,2.803921568627451
876,Little Women (1994),102,3.676470588235294
154,Benny & Joon (1993),102,3.4607843137254903
1658,Young Guns (1988),101,3.207920792079208
127,Basic Instinct (1992),101,3.227722772277228
1304,"Sex, Lies, and Videotape (1989)",101,3.4752475247524752
431,Down Periscope (1996),101,2.702970297029703
984,Miracle on 34th Street (1994),101,3.722772277227723
1156,Pinocchio (1940),101,3.6732673267326734
982,Mimic (1997),101,2.742574257425743
1182,Private Parts (1997),100,3.53
42,Alien 3 (1992),100,2.83
721,I Know What You Did Last Summer (1997),100,3.06
1023,Muriel's Wedding (1994),100,3.55
57,"American Werewolf in London, An (1981)",99,3.5353535353535355
1256,Romy and Michele's High School Reunion (1997),98,3.061224489795918
419,Dirty Dancing (1987),98,3.1020408163265305
1415,"Streetcar Named Desire, A (1951)",98,3.816326530612245
382,"Day the Earth Stood Still, The (1951)",97,3.9381443298969074
406,Desperado (1995),97,3.4536082474226806
1379,"Spitfire Grill, The (1996)",97,3.804123711340206
314,"Client, The (1994)",97,3.381443298969072
309,"City of Lost Children, The (1995)",96,3.7916666666666665
518,Fierce Creatures (1997),96,3.1145833333333335
1011,"Mrs. Brown (Her Majesty, Mrs. Brown) (1997)",96,3.9479166666666665
792,Jumanji (1995),96,3.3125
1352,So I Married an Axe Murderer (1993),95,3.0526315789473686
229,Breakfast at Tiffany's (1961),95,3.7263157894736842
953,Matilda (1996),95,3.210526315789474
1034,My Life as a Dog (Mitt liv som hund) (1985),93,3.978494623655914
1366,Space Jam (1996),93,2.774193548387097
441,Duck Soup (1933),93,4.0
315,Cliffhanger (1993),93,3.021505376344086
5,2 Days in the Valley (1996),93,3.225806451612903
1581,"Very Brady Sequel, A (1996)",93,2.3978494623655915
1246,Rob Roy (1995),92,3.5652173913043477
993,Money Talks (1997),92,2.8152173913043477
1235,"Return of the Pink Panther, The (1974)",92,3.5543478260869565
1558,"Unbearable Lightness of Being, The (1988)",92,3.4565217391304346
402,Demolition Man (1993),92,3.152173913043478
972,Michael Collins (1996),92,3.4565217391304346
569,From Dusk Till Dawn (1996),92,3.119565217391304
274,Casino (1995),91,3.6483516483516483
465,Escape from New York (1981),91,3.241758241758242
464,Escape from L.A. (1996),91,2.4615384615384617
136,Bean (1997),91,2.659340659340659
919,"Madness of King George, The (1994)",91,3.769230769230769
937,Manhattan (1979),91,3.769230769230769
1260,Rosencrantz and Guildenstern Are Dead (1990),90,3.888888888888889
1071,Nixon (1995),90,3.1222222222222222
651,Hamlet (1996),90,4.011111111111111
1217,Rebel Without a Cause (1955),90,3.8555555555555556
553,Four Rooms (1995),90,3.033333333333333
475,Evil Dead II (1987),89,3.5168539325842696
640,"Grifters, The (1990)",89,3.4831460674157304
1238,Richard III (1995),89,3.831460674157303
1488,"Three Musketeers, The (1993)",89,3.303370786516854
981,Miller's Crossing (1990),89,3.651685393258427
682,High Noon (1952),88,4.1022727272727275
766,"Jackal, The (1997)",87,3.1494252873563218
1410,Strange Days (1995),87,3.264367816091954
20,Addams Family Values (1993),87,2.8160919540229883
1504,To Die For (1995),87,3.2758620689655173
526,First Knight (1995),86,3.0232558139534884
139,"Beautician and the Beast, The (1997)",86,2.313953488372093
245,Bullets Over Broadway (1994),86,3.7209302325581395
261,Cape Fear (1962),86,3.5232558139534884
1031,My Fellow Americans (1996),86,3.1627906976744184
341,Copycat (1995),86,3.302325581395349
1570,Up Close and Personal (1996),85,3.1882352941176473
793,"Jungle Book, The (1994)",85,3.5647058823529414
200,Bob Roberts (1992),85,3.7411764705882353
1095,"Omen, The (1976)",85,3.388235294117647
1623,White Squall (1996),85,3.4
562,French Kiss (1995),84,3.3333333333333335
1019,Muppet Treasure Island (1996),84,2.761904761904762
96,"Arrival, The (1996)",83,3.036144578313253
1485,Three Colors: Red (1994),83,4.0602409638554215
798,"Juror, The (1996)",82,2.817073170731707
1017,Mulholland Falls (1996),82,2.8780487804878048
336,"Cook the Thief His Wife & Her Lover, The (1989)",82,3.024390243902439
1361,Somewhere in Time (1980),82,3.426829268292683
1337,Sleeper (1973),82,3.6341463414634148
1445,"Sword in the Stone, The (1963)",82,3.3292682926829267
1276,"Santa Clause, The (1994)",82,3.097560975609756
857,Legends of the Fall (1994),81,3.45679012345679
40,Alice in Wonderland (1951),81,3.6666666666666665
1044,Nell (1994),81,3.4814814814814814
360,Crumb (1994),81,3.7901234567901234
1152,Picture Perfect (1997),81,2.962962962962963
759,It Happened One Night (1934),81,4.012345679012346
728,I.Q. (1994),81,3.3209876543209877
1527,"Treasure of the Sierra Madre, The (1948)",80,4.1
448,Eat Drink Man Woman (1994),80,4.05
288,Chain Reaction (1996),80,2.7
975,Midnight in the Garden of Good and Evil (1997),80,3.1625
1142,"Phantom, The (1996)",80,2.575
929,"Man Who Would Be King, The (1975)",80,4.025
158,Better Off Dead... (1985),79,3.569620253164557
1293,"Secret Garden, The (1993)",79,3.5443037974683542
1191,Pump Up the Volume (1990),79,3.4177215189873418
422,Dolores Claiborne (1994),79,3.3417721518987342
305,City Hall (1996),79,3.1392405063291138
946,Marvin's Room (1996),78,3.58974358974359
1310,Shadowlands (1993),78,3.9358974358974357
1214,Reality Bites (1994),77,2.961038961038961
1583,Victor/Victoria (1982),77,3.3376623376623376
358,"Crucible, The (1996)",77,3.3376623376623376
228,Breakdown (1997),77,3.4025974025974026
221,"Brady Bunch Movie, The (1995)",76,2.8026315789473686
423,Don Juan DeMarco (1995),76,3.5526315789473686
302,Circle of Friends (1995),76,3.486842105263158
1637,"Wings of the Dove, The (1997)",75,3.68
1638,Winnie the Pooh and the Blustery Day (1968),75,3.8
1576,Vegas Vacation (1997),75,2.4
1249,Robin Hood: Prince of Thieves (1991),75,3.2266666666666666
1348,Smoke (1995),74,3.6216216216216215
230,Breaking the Waves (1996),74,3.72972972972973
1335,Six Degrees of Separation (1993),74,3.77027027027027
1306,Sgt. Bilko (1996),74,2.5675675675675675
1123,"Parent Trap, The (1961)",73,3.095890410958904
173,"Big Sleep, The (1946)",73,4.027397260273973
240,"Brothers McMullen, The (1995)",73,3.452054794520548
1319,She's the One (1996),73,3.0136986301369864
672,Heavy Metal (1981),73,3.26027397260274
695,Hoodlum (1997),73,2.9315068493150687
1303,"Seventh Seal, The (Sjunde inseglet, Det) (1957)",72,3.5416666666666665
1110,Othello (1995),72,3.611111111111111
1479,"Third Man, The (1949)",72,4.333333333333333
76,Angels and Insects (1995),72,3.4166666666666665
6,"20,000 Leagues Under the Sea (1954)",72,3.5
407,Desperate Measures (1998),72,3.3194444444444446
1606,"Wedding Singer, The (1998)",72,3.486111111111111
1294,"Secret of Roan Inish, The (1994)",71,3.859154929577465
1477,Things to Do in Denver when You're Dead (1995),71,3.1549295774647885
709,How to Make an American Quilt (1995),71,3.3380281690140845
412,Diabolique (1996),71,2.887323943661972
1232,Restoration (1995),71,3.464788732394366
764,Jack (1996),70,3.142857142857143
457,Enchanted April (1991),70,3.9285714285714284
1209,Ran (1985),70,4.1
670,Heavenly Creatures (1994),70,3.6714285714285713
827,Kull the Conqueror (1997),69,2.63768115942029
84,Antonia's Line (1995),69,3.9565217391304346
958,McHale's Navy (1997),69,2.1884057971014492
297,"Christmas Carol, A (1938)",69,4.057971014492754
203,Body Snatchers (1993),69,2.971014492753623
608,Glengarry Glen Ross (1992),69,3.463768115942029
1040,Naked Gun 33 1/3: The Final Insult (1994),69,2.782608695652174
442,Dumb & Dumber (1994),69,3.0
1253,Roman Holiday (1953),68,4.102941176470588
930,"Man Without a Face, The (1993)",68,3.5441176470588234
1171,"Preacher's Wife, The (1996)",68,2.926470588235294
700,Hot Shots! Part Deux (1993),68,2.764705882352941
338,Cool Runnings (1993),68,3.161764705882353
413,Dial M for Murder (1954),68,4.0
234,Bringing Up Baby (1938),68,3.838235294117647
547,Forbidden Planet (1956),67,3.8358208955223883
1645,Wolf (1994),67,2.701492537313433
1419,Striptease (1996),67,2.2388059701492535
1181,Private Benjamin (1980),67,2.955223880597015
25,"Adventures of Robin Hood, The (1938)",67,3.791044776119403
233,"Bridges of Madison County, The (1995)",67,3.1641791044776117
1326,Short Cuts (1993),67,3.7761194029850746
1597,Wallace & Gromit: The Best of Aardman Animation (1996),67,4.447761194029851
1199,"Quiet Man, The (1952)",67,4.029850746268656
70,Anastasia (1997),66,3.4242424242424243
1315,Shallow Grave (1994),66,3.8181818181818183
45,All About Eve (1950),66,4.045454545454546
367,Cyrano de Bergerac (1990),66,3.8181818181818183
628,"Grand Day Out, A (1992)",66,4.106060606060606
986,"Mirror Has Two Faces, The (1996)",66,3.3636363636363638
737,In the Company of Men (1997),66,3.712121212121212
1514,Tommy Boy (1995),66,2.909090909090909
679,Hercules (1997),66,3.515151515151515
1216,Rebecca (1940),66,3.9696969696969697
421,Diva (1981),66,3.727272727272727
774,Jaws 2 (1978),66,2.6666666666666665
400,Delicatessen (1991),65,3.876923076923077
397,Deconstructing Harry (1997),65,3.4
259,Candyman (1992),65,2.723076923076923
1432,Supercop (1992),65,3.5384615384615383
850,"Lawnmower Man, The (1992)",65,2.4461538461538463
811,Kids in the Hall: Brain Candy (1996),65,3.076923076923077
1429,Sunset Blvd. (1950),65,4.2
29,"Age of Innocence, The (1993)",65,3.3846153846153846
387,Dazed and Confused (1993),64,3.46875
1061,Night of the Living Dead (1968),64,3.421875
1484,Three Colors: Blue (1993),64,4.015625
468,Eve's Bayou (1997),64,3.609375
1554,U Turn (1997),64,3.359375
1093,Old Yeller (1957),64,3.484375
1264,Rudy (1993),64,3.3125
776,Jean de Florette (1986),64,4.109375
481,Extreme Measures (1996),64,3.171875
493,"Fan, The (1996)",64,3.09375
1269,Sabrina (1954),64,3.796875
1403,Stealing Beauty (1996),64,3.375
880,Local Hero (1983),63,3.9682539682539684
771,Jane Eyre (1996),63,3.4761904761904763
1592,"Walk in the Clouds, A (1995)",63,3.2857142857142856
1392,Star Trek V: The Final Frontier (1989),63,2.3968253968253967
732,Immortal Beloved (1994),63,3.4603174603174605
86,"Apartment, The (1960)",63,3.9365079365079363
550,Forget Paris (1995),62,3.193548387096774
131,Batman & Robin (1997),62,2.4516129032258065
1030,My Favorite Year (1982),62,3.532258064516129
278,Cat on a Hot Tin Roof (1958),62,3.9516129032258065
694,Homeward Bound: The Incredible Journey (1993),61,3.2131147540983607
555,"Fox and the Hound, The (1981)",61,3.1475409836065573
1476,"Thin Man, The (1934)",60,4.15
1607,Weekend at Bernie's (1989),60,2.6166666666666667
144,Bed of Roses (1996),60,3.2333333333333334
1021,Murder in the First (1995),60,3.6
504,Father of the Bride (1950),60,3.5833333333333335
1486,Three Colors: White (1994),59,3.864406779661017
801,Kalifornia (1993),59,3.2203389830508473
838,Last Action Hero (1993),59,2.7457627118644066
1334,Sirens (1994),59,2.983050847457627
1364,Soul Food (1997),59,3.169491525423729
95,Around the World in 80 Days (1956),59,3.6610169491525424
447,East of Eden (1955),59,3.864406779661017
9,"39 Steps, The (1935)",59,4.0508474576271185
949,Mary Shelley's Frankenstein (1994),59,3.0677966101694913
1355,Some Kind of Wonderful (1987),59,3.6610169491525424
843,"Last Supper, The (1995)",58,3.4482758620689653
1168,"Postman, The (1997)",58,3.2241379310344827
1363,Sophie's Choice (1982),58,3.896551724137931
692,Home for the Holidays (1995),58,3.1551724137931036
1207,Raise the Red Lantern (1991),58,4.155172413793103
1069,Nine Months (1995),58,2.9310344827586206
1222,"Ref, The (1994)",58,3.0344827586206895
940,Manon of the Spring (Manon des sources) (1986),58,4.120689655172414
1219,Red Corner (1997),57,3.3859649122807016
1636,Wings of Desire (1987),57,4.0
115,Bad Boys (1995),57,3.1052631578947367
122,Bananas (1971),57,3.7017543859649122
409,Devil in a Blue Dress (1995),57,3.3859649122807016
384,Daylight (1996),57,2.7719298245614037
145,Bedknobs and Broomsticks (1971),57,3.0701754385964914
757,"Island of Dr. Moreau, The (1996)",57,2.1578947368421053
1509,"To Wong Foo, Thanks for Everything! Julie Newmar (1995)",57,2.8947368421052633
1248,Robin Hood: Men in Tights (1993),56,2.5892857142857144
687,His Girl Friday (1940),56,4.0
283,"Celluloid Closet, The (1995)",56,3.892857142857143
183,Black Sheep (1996),55,2.6363636363636362
885,Looking for Richard (1996),55,3.727272727272727
1450,Tales from the Crypt Presents: Bordello of Blood (1996),55,2.6363636363636362
89,"Apostle, The (1997)",55,3.6545454545454548
925,Mallrats (1995),54,3.4444444444444446
21,Addicted to Love (1997),54,3.1666666666666665
1299,Serial Mom (1994),54,2.814814814814815
1078,"Nosferatu (Nosferatu, eine Symphonie des Grauens) (1922)",54,3.5555555555555554
266,Carlito's Way (1993),54,3.4074074074074074
93,"Aristocats, The (1970)",54,3.1296296296296298
385,Days of Thunder (1990),53,2.7169811320754715
536,Flubber (1997),53,2.7547169811320753
826,Koyaanisqatsi (1983),53,3.490566037735849
126,Barcelona (1994),53,3.018867924528302
862,"Life Less Ordinary, A (1997)",53,3.0754716981132075
1318,She's So Lovely (1997),53,2.7358490566037736
63,"Amityville Horror, The (1979)",53,2.5660377358490565
841,Last Man Standing (1996),53,2.660377358490566
275,Casper (1995),52,3.076923076923077
477,Excess Baggage (1997),52,2.5384615384615383
1082,Notorious (1946),52,4.115384615384615
928,"Man Who Knew Too Little, The (1997)",52,2.923076923076923
1221,Red Rock West (1992),52,3.5961538461538463
952,"MatchMaker, The (1997)",51,3.176470588235294
1159,Pocahontas (1995),51,2.5294117647058822
601,Giant (1956),51,3.7450980392156863
1499,Tin Men (1987),51,3.0784313725490198
1528,Trees Lounge (1996),50,3.24
58,"American in Paris, An (1951)",50,3.7
896,"Love Bug, The (1969)",50,2.78
35,Akira (1988),50,3.38
1138,"Perfect World, A (1993)",50,3.68
1097,Once Upon a Time in America (1984),50,3.4
1653,Wyatt Earp (1994),50,3.1
1502,To Catch a Thief (1955),50,4.02
966,Menace II Society (1993),50,3.46
638,"Great White Hype, The (1996)",49,2.7551020408163267
1478,Thinner (1996),49,2.4489795918367347
999,Mortal Kombat (1995),49,2.877551020408163
810,Kids (1995),49,3.061224489795918
146,Before Sunrise (1995),49,3.4081632653061225
244,Bulletproof (1996),49,3.204081632653061
1424,"Substitute, The (1996)",49,2.693877551020408
1252,Rocket Man (1997),49,2.4081632653061225
1347,Smilla's Sense of Snow (1997),48,3.1666666666666665
237,"Bronx Tale, A (1993)",48,3.7916666666666665
210,Booty Call (1997),48,2.1666666666666665
1169,Powder (1995),48,3.2083333333333335
161,Beverly Hills Ninja (1997),48,2.3125
1198,"Quick and the Dead, The (1995)",48,3.2083333333333335
277,Cat People (1982),48,2.8958333333333335
609,"Glimmer Man, The (1996)",48,2.75
1560,Under Siege 2: Dark Territory (1995),48,2.4583333333333335
914,Mad City (1997),47,3.25531914893617
1571,Up in Smoke (1978),47,3.25531914893617
1590,Waiting for Guffman (1996),47,4.127659574468085
1425,Sudden Death (1995),47,2.723404255319149
1440,Swimming with Sharks (1995),47,3.574468085106383
376,Dangerous Minds (1995),47,3.3404255319148937
634,"Great Dictator, The (1940)",46,4.021739130434782
758,It Could Happen to You (1994),46,3.652173913043478
1127,"Paris, Texas (1984)",46,3.5434782608695654
924,Malice (1993),46,3.1739130434782608
1641,With Honors (1994),46,3.0652173913043477
496,Farewell My Concubine (1993),46,3.9782608695652173
187,"Blob, The (1958)",46,2.717391304347826
1314,Shall We Dance? (1996),46,4.260869565217392
1287,Screamers (1995),46,2.652173913043478
1074,Nobody's Fool (1994),46,3.608695652173913
231,Bride of Frankenstein (1935),46,3.608695652173913
427,"Doors, The (1991)",46,2.9782608695652173
795,Junior (1994),45,3.022222222222222
1614,What's Love Got to Do with It (1993),45,3.488888888888889
1371,Species (1995),45,2.8666666666666667
1309,"Shadow, The (1994)",45,2.888888888888889
197,Blue in the Face (1995),45,3.1777777777777776
783,Joe's Apartment (1996),45,2.2444444444444445
492,"Family Thing, A (1996)",45,3.5555555555555554
304,Citizen Ruth (1996),45,3.6222222222222222
306,City Slickers II: The Legend of Curly's Gold (1994),44,2.5454545454545454
1617,When We Were Kings (1996),44,4.045454545454546
1505,To Gillian on Her 37th Birthday (1996),44,3.0681818181818183
211,Bottle Rocket (1996),44,3.4545454545454546
1437,"Sweet Hereafter, The (1997)",44,3.772727272727273
1004,Mouse Hunt (1997),44,2.477272727272727
908,M (1931),44,4.0
1307,Shadow Conspiracy (1997),44,2.8636363636363638
1240,Ridicule (1996),44,3.7045454545454546
1139,Persuasion (1995),44,4.045454545454546
129,Basquiat (1996),44,3.25
521,Fire Down Below (1997),44,2.9318181818181817
854,Leave It to Beaver (1997),44,1.8409090909090908
1233,"Return of Martin Guerre, The (Retour de Martin Guerre, Le) (1982)",44,3.772727272727273
1057,Nick of Time (1995),44,3.0454545454545454
510,Fear (1996),44,3.159090909090909
1659,Young Guns II (1990),44,2.772727272727273
1227,Renaissance Man (1994),43,3.0
1449,Tales From the Crypt Presents: Demon Knight (1995),43,2.9767441860465116
1000,Mortal Kombat: Annihilation (1997),43,1.9534883720930232
290,"Chamber, The (1996)",43,3.0930232558139537
31,Air Bud (1997),43,2.558139534883721
1629,"Wild Bunch, The (1969)",43,4.023255813953488
597,"Ghost and Mrs. Muir, The (1947)",43,3.6511627906976742
1243,Rising Sun (1993),43,2.9069767441860463
994,Money Train (1995),43,2.511627906976744
1381,Spy Hard (1996),43,2.511627906976744
1141,Pete's Dragon (1977),43,2.7209302325581395
1158,Playing God (1997),43,2.627906976744186
561,Freeway (1996),42,3.357142857142857
170,"Big Lebowski, The (1998)",42,3.8333333333333335
828,Kundun (1997),42,3.6904761904761907
534,Flirting With Disaster (1996),42,3.6904761904761907
991,Moll Flanders (1996),42,3.5
331,Congo (1995),42,2.4523809523809526
898,Love Jones (1997),42,3.0952380952380953
785,Johnny Mnemonic (1995),41,2.6341463414634148
1376,Sphere (1998),41,2.926829268292683
1465,That Darn Cat! (1997),41,2.4634146341463414
1354,Some Folks Call It a Sling Blade (1993),41,4.2926829268292686
490,Fallen (1998),41,3.1463414634146343
1660,"Young Poisoner's Handbook, The (1995)",41,3.341463414634146
873,"Little Princess, A (1995)",41,3.658536585365854
101,"Associate, The (1996)",41,3.2439024390243905
330,Coneheads (1993),41,2.2195121951219514
1454,Tank Girl (1995),41,2.8536585365853657
4,187 (1997),41,3.024390243902439
602,Gigi (1958),41,3.658536585365854
1498,"Tin Drum, The (Blechtrommel, Die) (1979)",40,3.7
291,Charade (1963),40,3.925
1175,Priest (1994),40,4.0
452,Eddie (1996),40,2.7
128,"Basketball Diaries, The (1995)",40,3.425
420,Disclosure (1994),40,3.0
1120,"Paper, The (1994)",40,3.225
525,First Kid (1996),40,2.925
816,Killing Zoe (1994),40,3.475
659,Harriet the Spy (1996),40,2.7
656,Hard Target (1993),40,2.7
848,Laura (1944),40,4.1
1230,"Replacement Killers, The (1998)",39,3.3076923076923075
948,Mary Reilly (1996),39,2.8205128205128207
77,Angels in the Outfield (1994),39,2.923076923076923
342,"Corrina, Corrina (1994)",39,3.1538461538461537
563,French Twist (Gazon maudit) (1995),39,3.2051282051282053
746,"Indian in the Cupboard, The (1995)",39,2.8205128205128207
99,Assassins (1995),39,2.871794871794872
258,"Candidate, The (1972)",39,3.641025641025641
264,Career Girls (1997),39,3.2564102564102564
1618,When a Man Loves a Woman (1994),39,3.4871794871794872
1104,Only You (1994),39,3.1538461538461537
23,"Adventures of Pinocchio, The (1996)",39,3.051282051282051
790,Judge Dredd (1995),39,2.8974358974358974
1362,Son in Law (1993),39,2.4871794871794872
356,"Crow: City of Angels, The (1996)",39,1.9487179487179487
1442,Swiss Family Robinson (1960),39,3.358974358974359
69,Anaconda (1997),38,2.289473684210526
1586,Virtuosity (1995),38,2.736842105263158
592,Get on the Bus (1996),38,3.3157894736842106
10,8 1/2 (1963),38,3.8157894736842106
1374,Speed 2: Cruise Control (1997),38,2.1315789473684212
710,"Howling, The (1981)",38,3.026315789473684
1098,Once Upon a Time in the West (1969),38,3.8684210526315788
18,Ace Ventura: When Nature Calls (1995),37,2.675675675675676
1344,Sliver (1993),37,2.4054054054054053
979,Milk Money (1994),37,2.72972972972973
1254,Romeo Is Bleeding (1993),37,3.0
1482,"Thousand Acres, A (1997)",37,3.4054054054054053
724,I Shot Andy Warhol (1996),37,3.3783783783783785
152,Belle de jour (1967),37,3.945945945945946
175,Billy Madison (1995),37,3.081081081081081
969,Metro (1997),36,2.9166666666666665
1372,Speechless (1994),36,3.0833333333333335
1062,Night on Earth (1991),36,3.8333333333333335
432,Down by Law (1986),35,3.7714285714285714
1474,"Thin Blue Line, The (1988)",35,3.7714285714285714
583,Gaslight (1944),35,3.8857142857142857
1531,"Trigger Effect, The (1996)",35,3.2
424,Don't Be a Menace to South Central While Drinking Your Juice in the Hood (1996),35,2.7714285714285714
1611,Wes Craven's New Nightmare (1994),35,2.8
959,Mediterraneo (1991),34,3.676470588235294
1108,Orlando (1993),34,3.6176470588235294
778,Jeffrey (1995),34,3.5294117647058822
1602,Washington Square (1997),34,3.2941176470588234
529,Fled (1996),34,2.6470588235294117
1459,Terminal Velocity (1994),34,2.676470588235294
890,Lost Horizon (1937),34,3.9411764705882355
219,Boys on the Side (1995),34,3.1470588235294117
1520,Touch of Evil (1958),34,3.911764705882353
388,Dead Man (1995),34,3.823529411764706
1564,Unforgettable (1996),34,3.323529411764706
80,Anna Karenina (1997),33,3.090909090909091
316,Clockers (1995),33,3.0
1131,Paths of Glory (1957),33,4.212121212121212
558,Free Willy (1993),33,2.4545454545454546
648,Hackers (1995),33,2.606060606060606
1059,Night Falls on Manhattan (1997),32,3.375
482,Eye for an Eye (1996),32,3.03125
279,Cats Don't Dance (1997),32,2.84375
461,"Englishman Who Went Up a Hill, But Came Down a Mountain, The (1995)",32,3.375
501,"Fast, Cheap & Out of Control (1997)",32,3.4375
1491,Tie Me Up! Tie Me Down! (1990),32,3.1875
224,Brassed Off (1996),32,3.9375
693,Homeward Bound II: Lost in San Francisco (1996),32,2.78125
1092,"Old Man and the Sea, The (1958)",32,3.34375
1525,"Transformers: The Movie, The (1986)",32,2.84375
515,Feeling Minnesota (1996),32,2.625
34,Airheads (1994),32,2.34375
1188,"Prophecy, The (1995)",32,2.9375
208,Boomerang (1992),32,2.8125
637,"Great Race, The (1965)",31,3.2903225806451615
531,"Flintstones, The (1994)",31,2.064516129032258
821,"Kiss Me, Guido (1997)",31,3.161290322580645
506,Fathers' Day (1997),31,2.5806451612903225
1490,Threesome (1994),31,2.838709677419355
1184,"Program, The (1993)",31,2.838709677419355
439,Drop Zone (1994),31,2.5483870967741935
1106,Operation Dumbo Drop (1995),31,2.5161290322580645
417,"Die xue shuang xiong (Killer, The) (1989)",31,3.967741935483871
176,Bio-Dome (1996),31,1.903225806451613
655,Hard Rain (1998),31,2.903225806451613
961,Meet Me in St. Louis (1944),31,3.3548387096774195
1496,Timecop (1994),31,3.096774193548387
1100,Once Were Warriors (1994),31,4.064516129032258
684,Higher Learning (1995),30,3.3333333333333335
466,Escape to Witch Mountain (1975),30,2.966666666666667
588,Georgia (1995),30,2.9
1312,"Shaggy Dog, The (1959)",30,3.0
1375,Spellbound (1945),30,3.933333333333333
124,Barb Wire (1996),30,1.9333333333333333
487,FairyTale: A True Story (1997),30,2.966666666666667
1036,My Own Private Idaho (1991),30,3.6333333333333333
730,If Lucy Fell (1996),29,2.7586206896551726
396,Deceiver (1997),29,2.8275862068965516
141,Beautiful Thing (1996),29,3.9655172413793105
600,Ghosts of Mississippi (1996),29,3.4827586206896552
1406,Stephen King's The Langoliers (1995),29,2.413793103448276
193,Blown Away (1994),29,2.7586206896551726
1542,Twelfth Night (1996),29,3.413793103448276
470,"Evening Star, The (1996)",29,2.9310344827586206
683,High School High (1996),29,2.6206896551724137
257,Canadian Bacon (1994),29,2.413793103448276
734,In Love and War (1996),28,3.4285714285714284
198,Blues Brothers 2000 (1998),28,2.8214285714285716
298,Chungking Express (1994),28,3.5714285714285716
1129,Passion Fish (1992),28,3.1785714285714284
160,Beverly Hills Cop III (1994),28,2.392857142857143
393,Death and the Maiden (1994),28,3.4285714285714284
1099,Once Upon a Time... When We Were Colored (1995),28,3.2857142857142856
800,Just Cause (1995),28,3.142857142857143
83,Another Stakeout (1993),28,2.5
354,"Crossing Guard, The (1995)",28,3.0
125,Barbarella (1968),28,2.5714285714285716
878,Living in Oblivion (1995),27,3.740740740740741
938,Manhattan Murder Mystery (1993),27,3.6296296296296298
1163,Pollyanna (1960),27,3.1481481481481484
669,Heaven's Prisoners (1996),27,2.5185185185185186
1368,Spanking the Monkey (1994),27,3.074074074074074
182,Black Beauty (1994),27,3.4444444444444446
560,Free Willy 3: The Rescue (1997),27,1.7407407407407407
1640,Wishmaster (1997),27,2.4444444444444446
1451,Tales from the Hood (1995),27,2.037037037037037
1124,Paris Is Burning (1990),27,3.814814814814815
1035,My Man Godfrey (1936),27,4.037037037037037
1575,Vanya on 42nd Street (1994),27,3.5925925925925926
918,Made in America (1993),27,2.5185185185185186
636,Great Expectations (1998),27,3.2222222222222223
480,Exotica (1994),27,3.5555555555555554
1197,"Quest, The (1996)",27,2.5185185185185186
904,Love! Valour! Compassion! (1997),26,3.6153846153846154
1431,Super Mario Bros. (1993),26,2.076923076923077
1070,Ninotchka (1939),26,3.769230769230769
147,Before and After (1996),26,2.8461538461538463
1316,Shanghai Triad (Yao a yao yao dao waipo qiao) (1995),26,3.576923076923077
1154,"Pillow Book, The (1995)",26,3.6923076923076925
565,Friday (1995),26,3.4615384615384617
26,"Affair to Remember, An (1957)",26,4.1923076923076925
740,In the Mouth of Madness (1995),26,2.8846153846153846
1594,Walkabout (1971),26,3.8461538461538463
1377,Spice World (1997),26,2.1153846153846154
1360,Something to Talk About (1995),26,2.769230769230769
37,Aladdin and the King of Thieves (1996),26,2.8461538461538463
599,Ghost in the Shell (Kokaku kidotai) (1995),26,3.6538461538461537
1166,"Portrait of a Lady, The (1996)",25,2.68
650,Halloween: The Curse of Michael Myers (1995),25,2.2
90,"Apple Dumpling Gang, The (1975)",25,2.84
703,House Arrest (1996),25,2.52
960,Meet John Doe (1941),25,3.92
1039,Naked (1993),25,3.24
791,Judgment Night (1993),25,2.68
604,Girl 6 (1996),25,2.76
1552,Two if by Sea (1996),25,2.6
1224,"Relic, The (1997)",25,2.88
806,Keys to Tulsa (1997),25,2.24
513,Fearless (1993),25,3.24
1346,"Smile Like Yours, A (1997)",25,2.88
434,Dracula: Dead and Loving It (1995),25,2.28
886,Lord of Illusions (1995),24,2.4166666666666665
246,Burnt By the Sun (1994),24,3.7083333333333335
706,"House of the Spirits, The (1993)",24,3.0416666666666665
707,Houseguest (1994),24,2.8333333333333335
582,"Garden of Finzi-Contini, The (Giardino dei Finzi-Contini, Il) (1970)",24,3.9166666666666665
632,Grease 2 (1982),24,2.0
1196,"Queen Margot (Reine Margot, La) (1994)",24,3.5
361,"Cry, the Beloved Country (1995)",24,3.75
540,Fools Rush In (1997),24,3.0
1083,Now and Then (1995),24,3.4583333333333335
438,Drop Dead Fred (1991),24,2.75
973,Microcosmos: Le peuple de l'herbe (1996),24,3.75
1540,Turbulence (1997),23,2.5652173913043477
1529,Trial and Error (1997),23,2.5217391304347827
1010,Mr. Wrong (1996),23,2.3043478260869565
803,Kansas City (1996),23,2.260869565217391
1568,Until the End of the World (Bis ans Ende der Welt) (1991),23,2.8260869565217392
789,Jude (1996),23,3.0
286,Cemetery Man (Dellamorte Dellamore) (1994),23,2.869565217391304
755,Inventing the Abbotts (1997),23,3.130434782608696
1263,Ruby in Paradise (1993),23,3.130434782608696
877,Live Nude Girls (1995),23,3.0869565217391304
539,"Fog, The (1980)",23,2.739130434782609
1328,Showgirls (1995),23,1.9565217391304348
1585,Village of the Damned (1995),22,2.6818181818181817
1608,Welcome To Sarajevo (1997),22,3.3636363636363638
943,Marked for Death (1990),22,2.5
1003,Mother Night (1996),22,3.1818181818181817
430,"Double vie de Véronique, La (Double Life of Veronique, The) (1991)",22,3.6818181818181817
1116,"Pallbearer, The (1996)",22,2.3181818181818183
1567,Unstrung Heroes (1995),22,3.3181818181818183
1014,Mrs. Parker and the Vicious Circle (1994),22,3.272727272727273
1483,"Three Caballeros, The (1945)",22,3.272727272727273
802,Kama Sutra: A Tale of Love (1996),22,3.3181818181818183
204,Bogus (1996),22,2.5454545454545454
202,"Body Snatcher, The (1945)",22,3.5
869,Little Buddha (1993),22,3.3181818181818183
809,"Kid in King Arthur's Court, A (1995)",22,2.727272727272727
188,Blood & Wine (1997),22,2.8636363636363638
1015,Mrs. Winterbourne (1996),22,3.0454545454545454
1094,Oliver & Company (1988),22,2.772727272727273
574,"Funeral, The (1996)",21,2.4285714285714284
1028,My Family (1995),21,3.6666666666666665
849,Lawnmower Man 2: Beyond Cyberspace (1996),21,1.7142857142857142
575,Funny Face (1957),21,3.6666666666666665
1517,Top Hat (1935),21,4.0476190476190474
260,Candyman: Farewell to the Flesh (1995),21,2.4285714285714284
988,"Misérables, Les (1995)",21,3.619047619047619
708,How to Be a Player (1997),21,2.761904761904762
1557,"Umbrellas of Cherbourg, The (Parapluies de Cherbourg, Les) (1964)",21,3.761904761904762
761,It's My Party (1995),21,3.2857142857142856
81,Anne Frank Remembered (1995),21,3.857142857142857
1109,Oscar & Lucinda (1997),21,3.1904761904761907
1239,Richie Rich (1994),21,2.4285714285714284
159,"Beverly Hillbillies, The (1993)",20,2.25
745,Indian Summer (1996),20,3.25
649,Half Baked (1998),20,2.5
544,For Whom the Bell Tolls (1943),20,4.0
532,Flipper (1996),20,2.45
912,Ma vie en rose (My Life in Pink) (1997),20,3.45
1187,"Prophecy II, The (1998)",20,2.7
1370,"Specialist, The (1994)",20,2.25
822,Kiss of Death (1995),20,2.85
955,Maximum Risk (1996),20,2.8
624,"Goofy Movie, A (1995)",20,2.9
1121,Paradise Lost: The Child Murders at Robin Hood Hills (1996),20,4.05
67,Amos & Andrew (1993),19,2.6842105263157894
1112,Out to Sea (1997),19,2.6842105263157894
369,D3: The Mighty Ducks (1996),19,2.5789473684210527
503,Fatal Instinct (1993),19,2.6315789473684212
1389,Star Maps (1997),19,3.0526315789473686
1404,Steel (1997),19,2.1578947368421053
1464,That Darn Cat! (1965),19,2.473684210526316
1300,Set It Off (1996),19,3.4210526315789473
639,Gridlock'd (1997),19,3.210526315789474
1433,Surviving Picasso (1996),19,3.1052631578947367
1536,Trust (1990),19,3.789473684210526
185,Blink (1994),19,3.0
691,Home Alone 3 (1997),19,1.894736842105263
294,Children of the Corn: The Gathering (1996),19,1.3157894736842106
1625,Widows' Peak (1994),19,3.5789473684210527
923,Major Payne (1994),19,2.473684210526316
346,"Cowboy Way, The (1994)",19,2.210526315789474
114,Backbeat (1993),19,3.473684210526316
51,Amateur (1994),18,3.1666666666666665
100,"Assignment, The (1997)",18,3.5
28,Afterglow (1997),18,3.111111111111111
164,Beyond Rangoon (1995),18,3.0555555555555554
71,Andre (1994),18,3.111111111111111
1247,Robert A. Heinlein's The Puppet Masters (1994),18,3.0
391,Dead Presidents (1995),18,2.7222222222222223
194,"Blue Angel, The (Blaue Engel, Der) (1930)",18,3.7777777777777777
365,Cutthroat Island (1995),18,2.4444444444444446
1150,Picnic (1955),18,3.611111111111111
676,Hellraiser: Bloodline (1996),18,2.0
892,Lost in Space (1998),18,3.1666666666666665
875,"Little Rascals, The (1994)",18,2.7222222222222223
782,Jingle All the Way (1996),18,2.111111111111111
660,"Hate (Haine, La) (1995)",18,3.5
1501,To Be or Not to Be (1942),18,3.611111111111111
705,"House of Yes, The (1997)",18,3.0
1212,Ready to Wear (Pret-A-Porter) (1994),18,1.8333333333333333
752,"Inspector General, The (1949)",18,3.7222222222222223
523,Firestorm (1998),18,2.8333333333333335
910,M. Butterfly (1993),18,3.2222222222222223
593,"Getaway, The (1994)",18,2.3333333333333335
1480,Thirty-Two Short Films About Glenn Gould (1993),18,3.9444444444444446
735,In the Army Now (1994),18,2.2777777777777777
769,Jade (1995),17,2.2941176470588234
920,Madonna: Truth or Dare (1991),17,2.4705882352941178
1245,"Road to Wellville, The (1994)",17,2.2941176470588234
726,I'm Not Rappaport (1996),17,3.0
1421,"Stupids, The (1996)",17,2.0
1024,Mute Witness (1994),17,2.9411764705882355
167,"Big Blue, The (Grand bleu, Le) (1988)",17,3.235294117647059
1313,Shall We Dance? (1937),17,3.7058823529411766
499,Farinelli: il castrato (1994),17,3.1176470588235294
1443,Switchback (1997),17,2.823529411764706
1128,Party Girl (1995),16,2.875
868,Little Big League (1994),16,2.875
1296,Selena (1997),16,3.625
686,Highlander III: The Sorcerer (1994),16,2.125
736,In the Bleak Midwinter (1995),16,3.6875
151,"Believers, The (1987)",16,2.25
1619,When the Cats Away (Chacun cherche son chat) (1996),16,3.5625
130,Bastard Out of Carolina (1996),16,2.875
254,Cabin Boy (1994),16,2.5625
121,Balto (1995),16,3.0
1420,Stuart Saves His Family (1995),16,2.125
479,Exit to Eden (1994),16,2.75
119,Bad Taste (1987),16,3.375
379,Dark City (1998),16,3.5
1591,Waiting to Exhale (1995),16,2.5
775,Jaws 3-D (1983),16,1.9375
581,Gang Related (1997),16,2.6875
1265,"Ruling Class, The (1972)",16,3.875
33,"Air Up There, The (1994)",16,2.8125
386,"Daytrippers, The (1996)",15,3.6666666666666665
1179,Princess Caraboo (1994),15,3.1333333333333333
661,"Haunted World of Edward D. Wood Jr., The (1995)",15,3.7333333333333334
1103,One Night Stand (1997),15,3.466666666666667
46,All Dogs Go to Heaven 2 (1996),15,1.8666666666666667
970,Miami Rhapsody (1995),15,2.6
213,Boxing Helena (1993),15,2.2
1237,"Rich Man's Wife, The (1996)",15,2.4
548,Foreign Correspondent (1940),15,3.8666666666666667
654,Hard Eight (1996),15,4.0
91,April Fool's Day (1986),15,2.6666666666666665
1600,"War, The (1994)",15,3.2666666666666666
1012,Mrs. Dalloway (1997),15,3.6
989,Mixed Nuts (1994),15,2.533333333333333
320,Cobb (1994),15,2.8
284,Celtic Pride (1996),15,2.2
586,"Gay Divorcee, The (1934)",15,3.8666666666666667
325,Color of Night (1994),15,2.7333333333333334
1647,"Women, The (1939)",15,3.6666666666666665
252,"Bye Bye, Love (1995)",15,3.1333333333333333
556,Foxfire (1996),15,2.933333333333333
611,Go Fish (1994),15,3.2
799,Jury Duty (1995),14,2.0
1508,To Live (Huozhe) (1994),14,3.7857142857142856
1136,"Perez Family, The (1995)",14,2.642857142857143
64,Amityville II: The Possession (1982),14,1.6428571428571428
1630,Wild Reeds (1994),14,3.142857142857143
78,Angus (1995),14,2.642857142857143
398,Deep Rising (1998),14,2.4285714285714284
168,Big Bully (1996),14,1.8571428571428572
169,"Big Green, The (1995)",14,2.5
222,Braindead (1992),14,3.857142857142857
702,"Hour of the Pig, The (1993)",14,3.5714285714285716
537,Fluke (1995),14,2.4285714285714284
1117,Palmetto (1998),14,3.142857142857143
543,For Richer or Poorer (1997),14,2.4285714285714284
38,Alaska (1996),13,2.6923076923076925
1642,Withnail and I (1987),13,3.230769230769231
1161,Poison Ivy II (1995),13,2.1538461538461537
1143,Phantoms (1998),13,2.230769230769231
808,Kicking and Screaming (1995),13,2.923076923076923
1526,Traveller (1997),13,3.3076923076923075
916,Mad Love (1995),13,2.1538461538461537
429,Double Team (1997),13,2.230769230769231
1220,"Red Firecracker, Green Firecracker (1994)",13,3.4615384615384617
939,Manny & Lo (1996),13,3.1538461538461537
374,Dangerous Beauty (1998),13,3.769230769230769
942,"Mark of Zorro, The (1940)",13,3.6153846153846154
340,Cops and Robbersons (1994),13,2.3076923076923075
1271,Safe (1995),13,4.0
1177,Primary Colors (1998),13,3.923076923076923
272,Carrington (1995),13,3.230769230769231
1258,Roommates (1995),13,3.230769230769231
1118,Palookaville (1996),13,2.923076923076923
1453,"Tango Lesson, The (1997)",13,3.3846153846153846
1444,Switchblade Sisters (1975),13,3.230769230769231
1457,Telling Lies in America (1997),13,3.230769230769231
218,"Boys of St. Vincent, The (1993)",13,3.3846153846153846
201,Body Parts (1991),13,1.6153846153846154
673,Heavyweights (1994),13,2.1538461538461537
675,Heidi Fleiss: Hollywood Madam (1995) ,13,2.6923076923076925
1388,"Star Maker, The (Uomo delle stelle, L') (1995)",12,3.1666666666666665
1320,Shiloh (1997),12,2.8333333333333335
1115,"Pagemaster, The (1994)",12,2.25
1283,"Scout, The (1994)",12,2.6666666666666665
1203,Radioland Murders (1994),12,3.3333333333333335
1384,Stalingrad (1993),12,3.1666666666666665
1353,Solo (1996),12,1.8333333333333333
894,Love & Human Remains (1993),12,3.1666666666666665
1049,"NeverEnding Story III, The (1994)",12,2.1666666666666665
196,Blue Sky (1994),12,3.4166666666666665
1007,Mr. Magoo (1997),12,1.9166666666666667
1628,Wild Bill (1995),12,2.5
227,Bread and Chocolate (Pane e cioccolata) (1973),12,3.1666666666666665
1512,Tom and Huck (1995),12,3.1666666666666665
888,Losing Isaiah (1995),12,3.0
542,For Love or Money (1993),12,2.8333333333333335
552,Four Days in September (1997),12,3.75
102,Audrey Rose (1977),12,2.1666666666666665
497,"Farewell to Arms, A (1932)",12,3.8333333333333335
871,Little Lord Fauntleroy (1936),12,3.1666666666666665
1417,Striking Distance (1993),12,2.5833333333333335
895,Love Affair (1994),12,2.8333333333333335
1422,SubUrbia (1997),12,3.6666666666666665
1475,"Thin Line Between Love and Hate, A (1996)",12,2.4166666666666665
932,"Man in the Iron Mask, The (1998)",12,3.4166666666666665
49,Alphaville (1965),12,3.3333333333333335
1573,Vampire in Brooklyn (1995),12,1.8333333333333333
392,Dear God (1996),12,2.5
1569,Unzipped (1995),11,3.5454545454545454
678,Herbie Rides Again (1974),11,2.272727272727273
1250,Robocop 3 (1993),11,1.7272727272727273
271,Carried Away (1996),11,3.0
350,Critical Care (1997),11,3.090909090909091
977,Mighty Morphin Power Rangers: The Movie (1995),11,2.272727272727273
486,Fair Game (1995),11,2.1818181818181817
1466,That Old Feeling (1997),11,3.3636363636363638
381,"Davy Crockett, King of the Wild Frontier (1955)",11,2.909090909090909
1535,"Truman Show, The (1998)",11,2.909090909090909
617,Gone Fishin' (1997),11,1.8181818181818181
22,"Addiction, The (1995)",11,2.1818181818181817
1026,My Crazy Life (Mi vida loca) (1993),11,3.1818181818181817
1631,Wild Things (1998),11,2.727272727272727
53,American Buffalo (1996),11,2.6363636363636362
1413,Strawberry and Chocolate (Fresa y chocolate) (1993),11,3.272727272727273
1385,Stalker (1979),11,3.5454545454545454
1434,Surviving the Game (1994),11,2.4545454545454546
1427,"Sum of Us, The (1994)",11,3.5454545454545454
559,Free Willy 2: The Adventure Home (1995),11,2.1818181818181817
872,Little Odessa (1994),10,2.6
614,Gold Diggers: The Secret of Bear Mountain (1995),10,3.1
511,Fear of a Black Hat (1993),10,3.2
864,Lightning Jack (1994),10,3.0
1566,Unhook the Stars (1996),10,2.5
458,"Endless Summer 2, The (1994)",10,2.5
903,Love in the Afternoon (1957),10,3.9
488,Faithful (1996),10,3.3
564,Fresh (1994),10,4.1
1601,Warriors of Virtue (1997),10,3.0
906,"Low Down Dirty Shame, A (1994)",10,2.5
743,Incognito (1997),10,3.5
725,I'll Do Anything (1994),10,2.6
52,"Amazing Panda Adventure, The (1995)",10,2.8
1165,Ponette (1996),10,3.3
1649,Wonderland (1997),10,3.2
1648,"Wonderful, Horrible Life of Leni Riefenstahl, The (1993)",10,4.0
1331,"Simple Twist of Fate, A (1994)",10,3.2
110,"Baby-Sitters Club, The (1995)",10,2.5
1324,Shooting Fish (1997),10,2.5
723,I Love Trouble (1994),10,2.5
148,Before the Rain (Pred dozhdot) (1994),10,3.8
180,Bitter Moon (1992),10,3.3
191,Bloodsport 2 (1995),10,1.7
285,"Cement Garden, The (1993)",10,3.6
242,"Browning Version, The (1994)",10,3.0
352,Crooklyn (1994),10,3.5
351,Cronos (1992),10,3.2
310,Clean Slate (1994),10,2.8
805,Kazaam (1996),10,1.8
1151,Picture Bride (1995),10,3.1
1621,"White Balloon, The (1995)",10,2.8
1622,White Man's Burden (1995),10,2.0
1511,Tom & Viv (1994),9,3.3333333333333335
704,House Party 3 (1994),9,2.0
698,"Horseman on the Roof, The (Hussard sur le toit, Le) (1995)",9,4.111111111111111
629,"Grass Harp, The (1995)",9,3.2222222222222223
668,Heaven & Earth (1993),9,2.5555555555555554
681,Hideaway (1995),9,2.4444444444444446
717,Hurricane Streets (1998),9,2.6666666666666665
1519,Touch (1997),9,2.7777777777777777
1383,Stag (1997),9,2.111111111111111
1532,True Crime (1995),9,3.3333333333333335
590,Geronimo: An American Legend (1993),9,3.111111111111111
1555,U.S. Marshalls (1998),9,3.0
334,"Contempt (Mépris, Le) (1963)",9,3.0
1598,"War Room, The (1993)",9,3.3333333333333335
289,Chairman of the Board (1998),9,2.2222222222222223
247,Burnt Offerings (1976),9,2.4444444444444446
195,Blue Chips (1994),9,2.6666666666666665
1627,Wild America (1997),9,2.888888888888889
123,"Band Wagon, The (1953)",9,3.6666666666666665
116,Bad Company (1995),9,2.2222222222222223
1639,"Winter Guest, The (1997)",9,3.4444444444444446
1336,"Sixth Man, The (1997)",9,3.2222222222222223
1662,unknown,9,3.4444444444444446
742,In the Realm of the Senses (Ai no corrida) (1976),9,2.0
0,'Til There Was You (1997),9,2.3333333333333335
1022,"Murder, My Sweet (1944)",9,3.5555555555555554
1160,Poetic Justice (1993),9,2.7777777777777777
934,Man of the House (1995),9,2.111111111111111
995,"Month by the Lake, A (1995)",9,3.3333333333333335
874,"Little Princess, The (1939)",9,3.5555555555555554
839,Last Dance (1996),9,3.111111111111111
835,Larger Than Life (1996),9,2.3333333333333335
1054,"Next Karate Kid, The (1994)",9,2.4444444444444446
935,Man of the Year (1995),9,3.111111111111111
1489,Three Wishes (1995),9,3.2222222222222223
1140,"Pest, The (1997)",8,1.875
516,Female Perversions (1996),8,2.625
236,Broken English (1996),8,2.25
573,Full Speed (1996),8,3.125
105,"Awfully Big Adventure, An (1995)",8,2.375
1430,Sunset Park (1996),8,2.5
1218,Reckless (1995),8,2.75
1229,Rent-a-Kid (1995),8,3.0
165,Bhaji on the Beach (1993),8,2.875
1038,Nadja (1994),8,2.25
1134,Penny Serenade (1941),8,3.0
626,Grace of My Heart (1996),8,3.25
902,Love and a .45 (1994),8,3.125
1612,What Happened Was... (1994),8,2.625
887,Losing Chase (1996),8,3.25
1130,Pather Panchali (1955),8,4.625
664,Hear My Song (1991),8,3.25
804,Kaspar Hauser (1993),8,4.25
13,A Chef in Love (1996),8,4.125
772,Jason's Lyric (1994),8,3.0
1596,Walking and Talking (1996),8,3.625
307,City of Angels (1998),8,3.0
281,Caught (1996),8,3.25
781,Jimmy Hollywood (1994),8,2.875
1414,Street Fighter (1994),8,2.75
957,"Maybe, Maybe Not (Bewegte Mann, Der) (1994)",8,3.5
363,Curdled (1996),8,2.75
375,Dangerous Ground (1997),8,1.75
495,Far From Home: The Adventures of Yellow Dog (1995),7,3.2857142857142856
1436,"Swan Princess, The (1994)",7,2.857142857142857
1439,Swept from the Sea (1997),7,2.4285714285714284
998,Moonlight and Valentino (1995),7,2.5714285714285716
1298,Senseless (1998),7,2.4285714285714284
502,Faster Pussycat! Kill! Kill! (1965),7,3.0
712,Hugo Pool (1997),7,3.2857142857142856
444,Dunston Checks In (1996),7,1.8571428571428572
437,Dream With the Fishes (1997),7,3.142857142857143
428,Double Happiness (1994),7,3.4285714285714284
426,"Doom Generation, The (1995)",7,2.7142857142857144
1107,Original Gangstas (1996),7,2.142857142857143
405,"Designated Mourner, The (1997)",7,1.8571428571428572
248,Bushwhacked (1995),7,1.5714285714285714
403,Denise Calls Up (1995),7,3.0
901,Love and Other Catastrophes (1996),7,2.857142857142857
967,Mercury Rising (1998),7,3.4285714285714284
1122,Paradise Road (1997),7,3.2857142857142856
962,Meet Wally Sparks (1997),7,2.142857142857143
917,Madame Butterfly (1995),7,3.5714285714285716
933,"Man of No Importance, A (1994)",7,3.4285714285714284
1402,"Steal Big, Steal Little (1995)",7,2.5714285714285716
765,Jack and Sarah (1995),7,2.142857142857143
863,Life with Mikey (1993),7,2.2857142857142856
1411,Stranger in the House (1997),7,2.4285714285714284
186,Bliss (1997),7,2.5714285714285716
844,"Last Time I Committed Suicide, The (1997)",7,2.2857142857142856
1164,"Pompatus of Love, The (1996)",7,3.0
837,Lassie (1994),7,2.2857142857142856
1530,Trial by Jury (1994),7,2.4285714285714284
1492,"Tie That Binds, The (1995)",7,2.4285714285714284
1081,Nothing to Lose (1994),7,3.2857142857142856
1194,"Pyromaniac's Love Story, A (1995)",7,2.4285714285714284
1473,"Thieves (Voleurs, Les) (1996)",7,3.7142857142857144
1192,Purple Noon (1960),7,3.142857142857143
1655,Year of the Horse (1997),7,3.2857142857142856
1076,North (1994),7,2.7142857142857144
817,Kim (1950),7,3.2857142857142856
1060,Night Flier (1997),7,3.7142857142857144
697,"Horse Whisperer, The (1998)",7,2.7142857142857144
807,Kicked in the Head (1997),7,2.5714285714285716
1042,National Lampoon's Senior Trip (1995),7,2.4285714285714284
85,Aparajito (1956),7,3.5714285714285716
1551,Two Much (1996),7,2.4285714285714284
138,Beat the Devil (1954),7,3.7142857142857144
106,Ayn Rand: A Sense of Life (1997),7,3.142857142857143
968,Metisse (Café au Lait) (1993),6,2.3333333333333335
1651,"World of Apu, The (Apur Sansar) (1959)",6,4.0
1624,"Whole Wide World, The (1996)",6,4.0
308,City of Industry (1997),6,2.5
1661,Zeus and Roxanne (1997),6,2.1666666666666665
941,Margaret's Museum (1995),6,4.0
39,Albino Alligator (1996),6,2.5
157,Best of the Best 3: No Turning Back (1995),6,1.5
155,Bent (1997),6,2.6666666666666665
61,Amityville 3-D (1983),6,1.1666666666666667
214,Boy's Life 2 (1997),6,3.3333333333333335
215,Boys (1996),6,3.3333333333333335
983,Mina Tannenbaum (1994),6,3.6666666666666665
118,Bad Moon (1996),6,2.6666666666666665
117,Bad Girls (1994),6,1.8333333333333333
1089,Of Love and Shadows (1994),6,3.1666666666666665
1292,"Secret Agent, The (1996)",6,3.0
73,Angel and the Badman (1947),6,3.0
1086,Nénette et Boni (1996),6,3.5
1290,"Second Jungle Book: Mowgli & Baloo, The (1997)",6,2.0
189,Blood Beach (1981),6,2.1666666666666665
1574,"Van, The (1996)",6,2.6666666666666665
1068,Nina Takes a Lover (1994),6,2.8333333333333335
1463,Tetsuo II: Body Hammer (1992),6,2.6666666666666665
824,Kissed (1996),6,3.0
833,Land Before Time III: The Time of the Great Giving (1995) (V),6,1.6666666666666667
646,Guilty as Sin (1993),6,2.1666666666666665
1185,"Promesse, La (1996)",6,3.3333333333333335
578,Gabbeh (1996),6,3.3333333333333335
688,Hollow Reed (1996),6,2.3333333333333335
1545,Twin Town (1997),6,2.1666666666666665
1546,Twisted (1996),6,3.5
535,"Flower of My Secret, The (Flor de mi secreto, La) (1995)",6,3.1666666666666665
449,Ed (1996),6,1.3333333333333333
445,Duoluo tianshi (1995),6,3.1666666666666665
530,Flesh and Bone (1993),6,2.8333333333333335
748,Infinity (1996),6,2.6666666666666665
364,"Cure, The (1995)",6,3.3333333333333335
418,Dingo (1992),5,2.4
269,Carpool (1996),5,2.8
1471,Theodore Rex (1995),5,1.4
1408,Stonewall (1995),5,4.2
856,Legal Deceit (1997),5,3.4
1145,Phat Beach (1996),5,1.6
1088,Of Human Bondage (1934),5,3.2
1409,"Story of Xinghua, The (1993)",5,3.2
1119,Panther (1995),5,2.4
1539,Turbo: A Power Rangers Movie (1997),5,1.8
595,Getting Even with Dad (1994),5,1.6
847,Late Bloomers (1996),5,3.4
1202,Race the Sun (1996),5,2.8
1280,"Scarlet Letter, The (1995)",5,2.4
1452,Talking About Sex (1994),5,1.8
647,Gumby: The Movie (1995),5,2.6
665,Hearts and Minds (1996),5,3.8
65,Amityville: A New Generation (1993),5,1.0
292,Chasers (1994),5,2.2
671,Heavy (1995),5,2.4
60,Amityville 1992: It's About Time (1992),5,1.0
1,1-900 (1994),5,2.6
295,Children of the Revolution (1996),5,3.2
1091,"Old Lady Who Walked in the Sea, The (Vieille qui marchait dans la mer, La) (1991)",5,2.6
156,Best Men (1997),5,3.4
440,Drunks (1995),5,2.8
1548,Two Bits (1995),5,2.2
1291,"Secret Adventures of Tom Thumb, The (1993)",5,2.6
1255,Romper Stomper (1992),5,3.0
238,Brother Minister: The Assassination of Malcolm X (1994),5,3.0
1616,When Night Is Falling (1995),5,3.4
974,Midnight Dancers (Sibak) (1994),5,2.8
8,3 Ninjas: High Noon At Mega Mountain (1998),5,1.0
216,Boys Life (1995),5,3.2
469,Even Cowgirls Get the Blues (1993),5,2.0
1072,No Escape (1994),5,2.4
1561,Underground (1995),5,2.8
882,"Locusts, The (1997)",5,2.0
1236,Rhyme & Reason (1997),5,2.2
879,Loaded (1994),5,2.4
507,Faust (1994),5,4.2
190,Blood For Dracula (Andy Warhol's Dracula) (1974),5,2.4
777,Jefferson in Paris (1995),5,2.0
514,Feast of July (1995),5,2.4
1418,Stripes (1981),5,3.8
1180,Prisoner of the Mountains (Kavkazsky Plennik) (1996),5,3.0
533,Flirt (1995),5,3.6
1259,Roseanna's Grave (For Roseanna) (1997),5,2.8
14,Above the Rim (1994),5,3.0
921,"Magic Hour, The (1998)",5,3.6
1341,Sliding Doors (1998),5,2.6
1595,"Walking Dead, The (1995)",4,2.25
1518,Total Eclipse (1995),4,2.75
1423,"Substance of Fire, The (1996)",4,3.25
1544,Twilight (1998),4,2.5
1549,Two Deaths (1995),4,2.25
1435,Suture (1993),4,2.25
1553,Two or Three Things I Know About Her (1966),4,3.75
1562,"Underneath, The (1995)",4,2.75
1563,Underworld (1997),4,2.5
1470,The Innocent (1994),4,3.0
832,Lamerica (1994),4,3.75
1351,So Dear to My Heart (1949),4,3.25
343,Cosi (1996),4,4.0
459,"Enfer, L' (1994)",4,3.0
485,Faces (1968),4,3.0
520,"Fille seule, La (A Single Girl) (1995)",4,4.0
1153,Pie in the Sky (1995),4,2.0
546,"Forbidden Christ, The (Cristo proibito, Il) (1950)",4,2.75
557,Frankie Starlight (1995),4,2.5
1137,"Perfect Candidate, A (1996)",4,4.0
589,Germinal (1993),4,3.0
630,Grateful Dead (1995),4,3.5
641,Grosse Fatigue (1994),4,3.25
645,Guantanamera (1994),4,3.75
657,Harlem (1993),4,2.75
663,Head Above Water (1996),4,3.0
701,Hotel de Love (1996),4,3.25
1067,Nil By Mouth (1997),4,2.0
738,In the Line of Duty 2 (1987),4,2.75
751,"Innocents, The (1961)",4,4.25
1053,"Newton Boys, The (1998)",4,3.0
787,"Journey of August King, The (1995)",4,2.0
1047,"Neon Bible, The (1995)",4,1.75
813,Killer (Bulletproof Heart) (1994),4,2.5
819,King of the Hill (1993),4,3.5
831,Ladybird Ladybird (1994),4,2.75
840,"Last Klezmer: Leopold Kozlowski, His Life and Music, The (1995)",4,3.0
852,"Lay of the Land, The (1997)",4,2.5
1009,Mr. Wonderful (1993),4,3.0
853,"Leading Man, The (1996)",4,3.75
881,Loch Ness (1995),4,2.5
899,Love Serenade (1996),4,3.0
353,Crossfire (1947),4,4.25
956,Maya Lin: A Strong Clear Vision (1994),4,4.5
243,Buddy (1997),4,2.25
19,Across the Sea of Time (1995),4,2.75
72,Angel Baby (1995),4,3.75
149,Being Human (1993),4,1.75
324,"Colonel Chabert, Le (1994)",4,3.5
268,Caro Diario (Dear Diary) (1994),4,2.75
276,Castle Freak (1995),4,1.25
62,"Amityville Curse, The (1990)",4,1.25
205,"Bonheur, Le (1965)",4,2.0
1267,"Run of the Country, The (1995)",4,3.25
68,An Unforgettable Summer (1994),4,2.5
253,C'est arrivé près de chez vous (1992),4,3.0
12,8 Seconds (1994),4,3.75
11,8 Heads in a Duffel Bag (1997),4,3.25
299,"Ciao, Professore! (1993)",4,2.75
174,"Big Squeeze, The (1996)",4,2.25
120,"Ballad of Narayama, The (Narayama Bushiko) (1958)",4,2.75
311,Clean Slate (Coup de Torchon) (1981),4,2.75
1282,Schizopolis (1996),4,3.0
326,Commandments (1997),3,2.6666666666666665
788,"Joy Luck Club, The (1993)",3,3.6666666666666665
779,"Jerky Boys, The (1994)",3,2.6666666666666665
112,"Babysitter, The (1995)",3,2.3333333333333335
842,Last Summer in the Hamptons (1995),3,2.3333333333333335
107,B*A*P*S (1997),3,1.6666666666666667
1650,"Wooden Man's Bride, The (Wu Kui) (1994)",3,2.6666666666666665
66,Amityville: Dollhouse (1996),3,1.0
845,"Last Time I Saw Paris, The (1954)",3,3.6666666666666665
47,All Over Me (1997),3,3.0
859,"Letter From Death Row, A (1998)",3,4.333333333333333
1458,Temptress Moon (Feng Yue) (1996),3,1.6666666666666667
905,Lover's Knot (1996),3,2.0
760,It Takes Two (1995),3,2.6666666666666665
716,"Hunted, The (1995)",3,2.0
749,"Inkwell, The (1994)",3,3.3333333333333335
263,Captives (1994),3,2.3333333333333335
368,"Cérémonie, La (1995)",3,4.0
451,Ed's Next Move (1996),3,2.6666666666666665
1605,"Wedding Gift, The (1994)",3,4.0
489,Fall (1997),3,2.0
508,Fausto (1993),3,3.0
541,For Ever Mozart (1996),3,2.0
978,"Mighty, The (1998)",3,1.0
280,Catwalk (1995),3,1.3333333333333333
568,Frisk (1995),3,2.6666666666666665
162,"Bewegte Mann, Der (1994)",3,3.6666666666666665
256,Calendar Girl (1993),3,2.0
1538,"Truth or Consequences, N.M. (1997)",3,2.0
603,Gilligan's Island: The Movie (1998),3,1.3333333333333333
625,Gordy (1995),3,1.0
220,"Boys, Les (1997)",3,3.3333333333333335
181,Bitter Sugar (Azucar Amargo) (1996),3,4.333333333333333
719,I Can't Sleep (J'ai pas sommeil) (1994),3,2.6666666666666665
731,Ill Gotten Gains (1997),3,2.3333333333333335
545,For the Moment (1994),3,2.6666666666666665
722,I Like It Like That (1994),3,2.3333333333333335
1065,Nightwatch (1997),3,3.0
1332,"Simple Wish, A (1997)",3,1.6666666666666667
1382,Squeeze (1996),3,1.6666666666666667
1029,My Favorite Season (1993),3,3.6666666666666665
1380,Sprung (1997),3,2.0
1323,"Shooter, The (1995)",3,2.6666666666666665
1084,Nowhere (1997),3,2.3333333333333335
1228,"Rendezvous in Paris (Rendez-vous de Paris, Les) (1995)",3,3.3333333333333335
1126,"Paris, France (1993)",3,2.3333333333333335
1400,"Stars Fell on Henrietta, The (1995)",3,2.3333333333333335
992,Mondo (1996),3,3.0
1387,Star Kid (1997),3,5.0
1172,Prefontaine (1997),3,5.0
1223,Relative Fear (1994),3,1.6666666666666667
1045,Nelly & Monsieur Arnaud (1995),3,3.6666666666666665
1174,"Price Above Rubies, A (1998)",3,3.3333333333333335
1412,"Stranger, The (1994)",3,3.0
1079,Nosferatu a Venezia (1986),3,2.3333333333333335
1278,"Savage Nights (Nuits fauves, Les) (1992)",3,3.0
1288,"Search for One-eye Jimmy, The (1996)",3,2.6666666666666665
1200,"Quiet Room, The (1996)",3,3.6666666666666665
1378,Spirits of the Dead (Tre passi nel delirio) (1968),2,2.5
1105,Open Season (1996),2,2.5
1279,"Scarlet Letter, The (1926)",2,3.0
1506,"To Have, or Not (1995)",2,2.0
217,Boys in Venice (1996),2,1.0
1268,S.F.W. (1994),2,3.0
1577,Venice/Venice (1992),2,1.0
1275,Salut cousin! (1996),2,2.0
1277,Santa with Muscles (1996),2,5.0
267,Carmen Miranda: Bananas Is My Business (1994),2,1.5
250,"Butcher Boy, The (1998)",2,4.0
1521,Tough and Deadly (1995),2,3.0
1272,Safe Passage (1994),2,3.0
282,Celestial Clockwork (1994),2,4.0
1273,"Saint of Fort Washington, The (1993)",2,5.0
965,Men of Means (1998),2,2.0
619,"Good Man in Africa, A (1994)",2,3.0
357,Crows and Sparrows (1949),2,1.5
383,"Day the Sun Turned Cold, The (Tianguo niezi) (1994)",2,2.0
1578,Vermin (1998),2,2.0
401,Delta of Venus (1994),2,3.0
408,Destiny Turns on the Radio (1995),2,3.0
436,Dream Man (1995),2,1.5
472,Everest (1998),2,4.5
1193,Pushing Hands (1992),2,2.0
1587,"Visitors, The (Visiteurs, Les) (1993)",2,3.5
491,Falling in Love Again (1980),2,1.0
963,Men With Guns (1997),2,3.5
615,Golden Earrings (1947),2,4.0
344,Country Life (1994),2,1.5
335,"Convent, The (Convento, O) (1995)",2,2.5
329,Condition Red (1995),2,2.0
549,Foreign Student (1994),2,2.0
1541,"Turning, The (1992)",2,2.5
323,"Collectionneuse, La (1967)",2,2.0
1058,Nico Icon (1995),2,4.0
1262,Rough Magic (1995),2,2.5
607,"Glass Shield, The (1994)",2,2.0
1114,"Outlaw, The (1943)",2,2.5
377,Daniel Defoe's Robinson Crusoe (1996),2,3.0
1305,"Sexual Life of the Belgians, The (1994)",2,1.5
1033,My Life and Times With Antonin Artaud (En compagnie d'Antonin Artaud) (1993),2,2.0
111,Babyfever (1994),2,1.0
1006,Mr. Jones (1993),2,2.5
54,American Dream (1990),2,2.5
913,"Machine, The (1994)",2,1.5
56,American Strays (1996),2,2.0
750,"Innocent Sleep, The (1995)",2,2.0
137,"Beans of Egypt, Maine, The (1994)",2,3.5
1426,Sudden Manhattan (1996),2,1.5
812,Kika (1993),2,2.0
1469,The Deadly Cure (1996),2,3.0
1327,"Show, The (1995)",2,3.0
900,Love and Death on Long Island (1997),2,2.5
1041,Naked in New York (1994),2,1.5
163,Beyond Bedlam (1993),2,1.0
1051,New Jersey Drive (1995),2,3.0
1358,Somebody to Love (1994),2,1.0
79,Anna (1996),2,4.5
784,Johnny 100 Pesos (1993),2,1.5
866,"Line King: Al Hirschfeld, The (1996)",2,3.0
1494,Time Tracers (1995),2,1.5
1357,Some Mother's Son (1996),2,4.5
1052,New York Cop (1996),2,2.5
870,Little City (1998),2,3.5
754,Intimate Relations (1996),2,3.0
1343,"Slingshot, The (1993)",2,3.5
1330,"Silence of the Palace, The (Saimt el Qusur) (1994)",1,3.0
1359,Someone Else's America (1995),1,5.0
1325,Shopping (1994),1,2.0
192,"Bloody Child, The (1996)",1,1.0
1584,"Vie est belle, La (Life is Rosey) (1987)",1,1.0
1654,Yankee Zulu (1994),1,1.0
359,"Crude Oasis, The (1995)",1,1.0
366,Cyclo (1995),1,3.0
1656,You So Crazy (1994),1,3.0
1646,"Woman in Question, The (1950)",1,1.0
1211,Raw Deal (1948),1,2.0
1582,"Very Natural Thing, A (1974)",1,1.0
370,Dadetown (1995),1,3.0
48,All Things Fair (1996),1,3.0
30,Aiqing wansui (1994),1,5.0
371,Daens (1992),1,1.0
1579,Vermont Is For Lovers (1992),1,1.0
1340,Sleepover (1995),1,3.0
74,Angel on My Shoulder (1946),1,2.0
322,Coldblooded (1995),1,2.0
1593,"Walk in the Sun, A (1945)",1,3.0
75,Angela (1995),1,3.0
1286,Scream of Stone (Schrei aus Stein) (1991),1,3.0
177,Bird of Prey (1996),1,1.0
1626,"Wife, The (1995)",1,3.0
241,Brothers in Trouble (1995),1,4.0
172,"Big One, The (1997)",1,3.0
251,Butterfly Kiss (1995),1,1.0
166,"Big Bang Theory, The (1994)",1,4.0
265,Careful (1992),1,1.0
1610,Wend Kuuni (God's Gift) (1982),1,1.0
1367,"Spanish Prisoner, The (1997)",1,4.0
1634,Window to Paris (1994),1,4.0
1635,Wings of Courage (1995),1,4.0
135,Baton Rouge (1988),1,1.0
1604,Wedding Bell Blues (1996),1,3.0
1308,Shadow of Angels (Schatten der Engel) (1976),1,1.0
1311,Shadows (Cienie) (1988),1,1.0
287,Century (1993),1,3.0
1242,Ripe (1996),1,2.0
1599,"War at Home, The (1996)",1,2.0
108,B. Monkey (1998),1,3.0
103,August (1996),1,1.0
1643,Witness (1985),1,4.0
1225,"Reluctant Debutante, The (1958)",1,3.0
239,"Brother's Kiss, A (1997)",1,2.0
512,"Fear, The (1995)",1,3.0
372,"Damsel in Distress, A (1937)",1,4.0
1487,Three Lives and Only One Death (1996),1,3.0
1472,They Made Me a Criminal (1939),1,5.0
836,Lashou shentan (1992),1,1.0
834,Land and Freedom (Tierra y libertad) (1995),1,3.0
1428,"Sunchaser, The (1996)",1,3.0
830,Lady of Burlesque (1943),1,4.0
1046,Nemesis 2: Nebula (1995),1,2.0
818,King of New York (1990),1,1.0
814,Killer: A Journal of Murder (1995),1,4.0
796,Jupiter's Wife (1994),1,4.0
1001,"Mostro, Il (1994)",1,1.0
1050,"New Age, The (1994)",1,1.0
786,Johns (1996),1,3.0
1493,Tigrero: A Film That Was Never Made (1994),1,1.0
763,JLG/JLG - autoportrait de décembre (1994),1,1.0
1055,"Next Step, The (1995)",1,3.0
756,"Invitation, The (Zaproszenie) (1986)",1,1.0
1056,"Niagara, Niagara (1997)",1,2.0
1503,To Cross the Rubicon (1991),1,1.0
858,"Leopard Son, The (1996)",1,1.0
1468,The Courtyard (1995),1,1.0
727,"I, Worst of All (Yo, la peor de todas) (1990)",1,1.0
915,Mad Dog Time (1996),1,3.0
980,Mille bolle blu (1993),1,1.0
951,Mat' i syn (1997),1,1.0
1446,"Symphonie pastorale, La (1946)",1,1.0
1447,T-Men (1947),1,1.0
1448,Tainted (1998),1,3.0
944,Marlene Dietrich: Shadow and Light (1996) ,1,5.0
931,"Man from Down Under, The (1943)",1,1.0
927,Mamma Roma (1962),1,4.0
911,MURDER and murder (1996),1,2.0
861,Liebelei (1933),1,1.0
1455,Target (1995),1,3.0
907,"Low Life, The (1994)",1,1.0
985,Mirage (1995),1,3.0
1438,Sweet Nothing (1995),1,3.0
990,"Modern Affair, A (1995)",1,1.0
897,Love Is All There Is (1996),1,3.0
1462,Terror in a Texas Town (1958),1,1.0
893,Lotto Land (1995),1,1.0
1073,Nobody Loves Me (Keiner liebt mich) (1994),1,1.0
1345,Small Faces (1995),1,2.0
394,Death in Brunswick (1991),1,4.0
500,Farmer & Chase (1995),1,4.0
584,"Gate of Heavenly Peace, The (1995)",1,4.0
576,"Further Gesture, A (1996)",1,1.0
1144,Pharaoh's Army (1995),1,1.0
1162,Police Story 4: Project S (Chao ji ji hua) (1993),1,1.0
1170,Power 98 (1995),1,1.0
1550,Two Friends (1986) ,1,3.0
522,Fire on the Mountain (1996),1,3.0
509,"Favor, The (1994)",1,2.0
1186,"Promise, The (Versprechen, Das) (1994)",1,1.0
594,Getting Away With Murder (1996),1,1.0
483,"Eye of Vichy, The (Oeil de Vichy, L') (1993)",1,1.0
473,Every Other Weekend (1990),1,1.0
467,Etz Hadomim Tafus (Under the Domin Tree) (1994),1,2.0
462,Entertaining Angels: The Dorothy Day Story (1996),1,5.0
1195,Quartier Mozart (1992),1,1.0
454,"Eighth Day, The (1996)",1,3.0
404,Desert Winds (1995),1,4.0
395,"Death in the Garden (Mort en ce jardin, La) (1956)",1,1.0
1125,Paris Was a Woman (1995),1,3.0
1405,Stefano Quantestorie (1993),1,1.0
720,I Don't Want to Talk About It (De eso no se habla) (1993),1,4.0
1080,Nothing Personal (1995),1,2.0
1510,Tokyo Fist (1995),1,4.0
1075,Normal Life (1996),1,3.0
718,Hush (1998),1,2.0
714,"Hungarian Fairy Tale, A (1987)",1,1.0
699,Hostile Intentions (1994),1,1.0
689,Homage (1995),1,1.0
680,Here Comes Cookie (1935),1,2.0
674,Hedd Wyn (1992),1,1.0
1522,Touki Bouki (Journey of the Hyena) (1973),1,1.0
605,Girl in the Cadillac (1995),1,1.0
662,He Walked by Night (1948),1,4.0
652,Hana-bi (1997),1,3.0
1087,"Object of My Affection, The (1998)",1,4.0
1090,Office Killer (1997),1,1.0
633,"Great Day in Harlem, A (1994)",1,5.0
1111,"Other Voices, Other Rooms (1997)",1,3.0
620,Good Morning (1971),1,1.0
606,Girls Town (1996),1,3.0
1663,Á köldum klaka (Cold Fever) (1994),1,3.0
